,x,y,t,Cd,Cl,V,Theta,vx,vy,dvx/dt,dvy/dt
0,1.0,1.0,0.0,0.5150060717473329,0.01235848974646805,0.2777777777777778,0.017444444444444443,0.27773551376040634,0.0048454332524184365,-0.0014184962069482348,-9.821418496206949
1,1.4188619740560444,8.867980216112548,1.0,0.5780116163619051,0.101789058163209,0.1515313829546078,-0.346120423439682,0.14254495650258614,-0.05140715315801714,-0.04798021611254812,-9.867980216112548
